KRIID,KRIName,Department,RiskID,AsOfDate,Numerator,Denominator,Scale,Value,Unit,AmberThreshold,RedThreshold,Direction
KRI-01,Payment exception rate,Payments Operations,R01,2025-09-30,2,11036,10000,1.81,per 10k payments,2.0,2.5,Higher is worse
KRI-02,Manual payment share,Payments Operations,R01,2025-09-30,1366,11364,100,12.02,%,15.0,20.0,Higher is worse
KRI-03,Loan booking error rate,Commercial Lending Operations,R04,2025-09-30,1,186,100,0.54,%,2.0,3.0,Higher is worse
KRI-04,Covenant tests overdue,Commercial Lending Operations,R05,2025-09-30,1,1,1,1.0,count,3.0,5.0,Higher is worse
KRI-05,Card fraud gross loss rate,Card & Fraud Operations,R07,2025-09-30,22300,60000000,10000,3.72,basis points,3.5,5.0,Higher is worse
KRI-06,Disputes past resolution deadline,Card & Fraud Operations,R08,2025-09-30,12,1025,100,1.17,%,3.0,5.0,Higher is worse
KRI-07,Escrow analysis error rate,Loan Servicing,R10,2025-09-30,3,941,100,0.32,%,1.0,2.0,Higher is worse
KRI-08,Servicing notices sent late,Loan Servicing,R11,2025-09-30,26,4234,100,0.61,%,1.0,2.0,Higher is worse
KRI-09,Unplanned outage minutes,Digital Banking & IT,R13,2025-09-30,0,1,1,0.0,minutes,90.0,120.0,Higher is worse
KRI-10,Failed change rate,Digital Banking & IT,R13,2025-09-30,6,71,100,8.45,%,10.0,15.0,Higher is worse
KRI-11,Leaver access not removed within 24 hours,Access Management,R16,2025-09-30,2,61,100,3.28,%,3.0,5.0,Higher is worse
KRI-12,Access recertifications overdue,Access Management,R17,2025-09-30,44,2004,100,2.2,%,5.0,10.0,Higher is worse
KRI-01,Payment exception rate,Payments Operations,R01,2025-10-31,2,11208,10000,1.78,per 10k payments,2.0,2.5,Higher is worse
KRI-02,Manual payment share,Payments Operations,R01,2025-10-31,1341,12880,100,10.41,%,15.0,20.0,Higher is worse
KRI-03,Loan booking error rate,Commercial Lending Operations,R04,2025-10-31,0,194,100,0.0,%,2.0,3.0,Higher is worse
KRI-04,Covenant tests overdue,Commercial Lending Operations,R05,2025-10-31,0,1,1,0.0,count,3.0,5.0,Higher is worse
KRI-05,Card fraud gross loss rate,Card & Fraud Operations,R07,2025-10-31,2800,60000000,10000,0.47,basis points,3.5,5.0,Higher is worse
KRI-06,Disputes past resolution deadline,Card & Fraud Operations,R08,2025-10-31,23,1033,100,2.23,%,3.0,5.0,Higher is worse
KRI-07,Escrow analysis error rate,Loan Servicing,R10,2025-10-31,2,889,100,0.22,%,1.0,2.0,Higher is worse
KRI-08,Servicing notices sent late,Loan Servicing,R11,2025-10-31,23,4377,100,0.53,%,1.0,2.0,Higher is worse
KRI-09,Unplanned outage minutes,Digital Banking & IT,R13,2025-10-31,30,1,1,30.0,minutes,90.0,120.0,Higher is worse
KRI-10,Failed change rate,Digital Banking & IT,R13,2025-10-31,4,66,100,6.06,%,10.0,15.0,Higher is worse
KRI-11,Leaver access not removed within 24 hours,Access Management,R16,2025-10-31,2,69,100,2.9,%,3.0,5.0,Higher is worse
KRI-12,Access recertifications overdue,Access Management,R17,2025-10-31,88,2119,100,4.15,%,5.0,10.0,Higher is worse
KRI-01,Payment exception rate,Payments Operations,R01,2025-11-30,1,12132,10000,0.82,per 10k payments,2.0,2.5,Higher is worse
KRI-02,Manual payment share,Payments Operations,R01,2025-11-30,1352,11779,100,11.48,%,15.0,20.0,Higher is worse
KRI-03,Loan booking error rate,Commercial Lending Operations,R04,2025-11-30,3,195,100,1.54,%,2.0,3.0,Higher is worse
KRI-04,Covenant tests overdue,Commercial Lending Operations,R05,2025-11-30,1,1,1,1.0,count,3.0,5.0,Higher is worse
KRI-05,Card fraud gross loss rate,Card & Fraud Operations,R07,2025-11-30,13750,60000000,10000,2.29,basis points,3.5,5.0,Higher is worse
KRI-06,Disputes past resolution deadline,Card & Fraud Operations,R08,2025-11-30,25,957,100,2.61,%,3.0,5.0,Higher is worse
KRI-07,Escrow analysis error rate,Loan Servicing,R10,2025-11-30,6,875,100,0.69,%,1.0,2.0,Higher is worse
KRI-08,Servicing notices sent late,Loan Servicing,R11,2025-11-30,32,4589,100,0.7,%,1.0,2.0,Higher is worse
KRI-09,Unplanned outage minutes,Digital Banking & IT,R13,2025-11-30,50,1,1,50.0,minutes,90.0,120.0,Higher is worse
KRI-10,Failed change rate,Digital Banking & IT,R13,2025-11-30,4,72,100,5.56,%,10.0,15.0,Higher is worse
KRI-11,Leaver access not removed within 24 hours,Access Management,R16,2025-11-30,2,84,100,2.38,%,3.0,5.0,Higher is worse
KRI-12,Access recertifications overdue,Access Management,R17,2025-11-30,112,1996,100,5.61,%,5.0,10.0,Higher is worse
KRI-01,Payment exception rate,Payments Operations,R01,2025-12-31,2,12574,10000,1.59,per 10k payments,2.0,2.5,Higher is worse
KRI-02,Manual payment share,Payments Operations,R01,2025-12-31,1269,11493,100,11.04,%,15.0,20.0,Higher is worse
KRI-03,Loan booking error rate,Commercial Lending Operations,R04,2025-12-31,0,204,100,0.0,%,2.0,3.0,Higher is worse
KRI-04,Covenant tests overdue,Commercial Lending Operations,R05,2025-12-31,1,1,1,1.0,count,3.0,5.0,Higher is worse
KRI-05,Card fraud gross loss rate,Card & Fraud Operations,R07,2025-12-31,9200,60000000,10000,1.53,basis points,3.5,5.0,Higher is worse
KRI-06,Disputes past resolution deadline,Card & Fraud Operations,R08,2025-12-31,17,935,100,1.82,%,3.0,5.0,Higher is worse
KRI-07,Escrow analysis error rate,Loan Servicing,R10,2025-12-31,6,885,100,0.68,%,1.0,2.0,Higher is worse
KRI-08,Servicing notices sent late,Loan Servicing,R11,2025-12-31,15,4162,100,0.36,%,1.0,2.0,Higher is worse
KRI-09,Unplanned outage minutes,Digital Banking & IT,R13,2025-12-31,40,1,1,40.0,minutes,90.0,120.0,Higher is worse
KRI-10,Failed change rate,Digital Banking & IT,R13,2025-12-31,3,69,100,4.35,%,10.0,15.0,Higher is worse
KRI-11,Leaver access not removed within 24 hours,Access Management,R16,2025-12-31,2,66,100,3.03,%,3.0,5.0,Higher is worse
KRI-12,Access recertifications overdue,Access Management,R17,2025-12-31,63,2110,100,2.99,%,5.0,10.0,Higher is worse
KRI-01,Payment exception rate,Payments Operations,R01,2026-01-31,1,12975,10000,0.77,per 10k payments,2.0,2.5,Higher is worse
KRI-02,Manual payment share,Payments Operations,R01,2026-01-31,1491,11609,100,12.84,%,15.0,20.0,Higher is worse
KRI-03,Loan booking error rate,Commercial Lending Operations,R04,2026-01-31,3,197,100,1.52,%,2.0,3.0,Higher is worse
KRI-04,Covenant tests overdue,Commercial Lending Operations,R05,2026-01-31,4,1,1,4.0,count,3.0,5.0,Higher is worse
KRI-05,Card fraud gross loss rate,Card & Fraud Operations,R07,2026-01-31,7600,60000000,10000,1.27,basis points,3.5,5.0,Higher is worse
KRI-06,Disputes past resolution deadline,Card & Fraud Operations,R08,2026-01-31,21,913,100,2.3,%,3.0,5.0,Higher is worse
KRI-07,Escrow analysis error rate,Loan Servicing,R10,2026-01-31,2,892,100,0.22,%,1.0,2.0,Higher is worse
KRI-08,Servicing notices sent late,Loan Servicing,R11,2026-01-31,10,4580,100,0.22,%,1.0,2.0,Higher is worse
KRI-09,Unplanned outage minutes,Digital Banking & IT,R13,2026-01-31,50,1,1,50.0,minutes,90.0,120.0,Higher is worse
KRI-10,Failed change rate,Digital Banking & IT,R13,2026-01-31,6,73,100,8.22,%,10.0,15.0,Higher is worse
KRI-11,Leaver access not removed within 24 hours,Access Management,R16,2026-01-31,2,76,100,2.63,%,3.0,5.0,Higher is worse
KRI-12,Access recertifications overdue,Access Management,R17,2026-01-31,100,2172,100,4.6,%,5.0,10.0,Higher is worse
KRI-01,Payment exception rate,Payments Operations,R01,2026-02-28,1,11482,10000,0.87,per 10k payments,2.0,2.5,Higher is worse
KRI-02,Manual payment share,Payments Operations,R01,2026-02-28,1309,12852,100,10.19,%,15.0,20.0,Higher is worse
KRI-03,Loan booking error rate,Commercial Lending Operations,R04,2026-02-28,0,203,100,0.0,%,2.0,3.0,Higher is worse
KRI-04,Covenant tests overdue,Commercial Lending Operations,R05,2026-02-28,4,1,1,4.0,count,3.0,5.0,Higher is worse
KRI-05,Card fraud gross loss rate,Card & Fraud Operations,R07,2026-02-28,16500,60000000,10000,2.75,basis points,3.5,5.0,Higher is worse
KRI-06,Disputes past resolution deadline,Card & Fraud Operations,R08,2026-02-28,13,907,100,1.43,%,3.0,5.0,Higher is worse
KRI-07,Escrow analysis error rate,Loan Servicing,R10,2026-02-28,5,924,100,0.54,%,1.0,2.0,Higher is worse
KRI-08,Servicing notices sent late,Loan Servicing,R11,2026-02-28,18,4270,100,0.42,%,1.0,2.0,Higher is worse
KRI-09,Unplanned outage minutes,Digital Banking & IT,R13,2026-02-28,0,1,1,0.0,minutes,90.0,120.0,Higher is worse
KRI-10,Failed change rate,Digital Banking & IT,R13,2026-02-28,3,65,100,4.62,%,10.0,15.0,Higher is worse
KRI-11,Leaver access not removed within 24 hours,Access Management,R16,2026-02-28,5,87,100,5.75,%,3.0,5.0,Higher is worse
KRI-12,Access recertifications overdue,Access Management,R17,2026-02-28,39,1828,100,2.13,%,5.0,10.0,Higher is worse
KRI-01,Payment exception rate,Payments Operations,R01,2026-03-31,1,12703,10000,0.79,per 10k payments,2.0,2.5,Higher is worse
KRI-02,Manual payment share,Payments Operations,R01,2026-03-31,1517,12997,100,11.67,%,15.0,20.0,Higher is worse
KRI-03,Loan booking error rate,Commercial Lending Operations,R04,2026-03-31,1,189,100,0.53,%,2.0,3.0,Higher is worse
KRI-04,Covenant tests overdue,Commercial Lending Operations,R05,2026-03-31,1,1,1,1.0,count,3.0,5.0,Higher is worse
KRI-05,Card fraud gross loss rate,Card & Fraud Operations,R07,2026-03-31,27550,60000000,10000,4.59,basis points,3.5,5.0,Higher is worse
KRI-06,Disputes past resolution deadline,Card & Fraud Operations,R08,2026-03-31,26,1077,100,2.41,%,3.0,5.0,Higher is worse
KRI-07,Escrow analysis error rate,Loan Servicing,R10,2026-03-31,2,811,100,0.25,%,1.0,2.0,Higher is worse
KRI-08,Servicing notices sent late,Loan Servicing,R11,2026-03-31,33,4549,100,0.73,%,1.0,2.0,Higher is worse
KRI-09,Unplanned outage minutes,Digital Banking & IT,R13,2026-03-31,100,1,1,100.0,minutes,90.0,120.0,Higher is worse
KRI-10,Failed change rate,Digital Banking & IT,R13,2026-03-31,4,64,100,6.25,%,10.0,15.0,Higher is worse
KRI-11,Leaver access not removed within 24 hours,Access Management,R16,2026-03-31,2,68,100,2.94,%,3.0,5.0,Higher is worse
KRI-12,Access recertifications overdue,Access Management,R17,2026-03-31,67,2096,100,3.2,%,5.0,10.0,Higher is worse
KRI-01,Payment exception rate,Payments Operations,R01,2026-04-30,3,11157,10000,2.69,per 10k payments,2.0,2.5,Higher is worse
KRI-02,Manual payment share,Payments Operations,R01,2026-04-30,1590,11605,100,13.7,%,15.0,20.0,Higher is worse
KRI-03,Loan booking error rate,Commercial Lending Operations,R04,2026-04-30,3,196,100,1.53,%,2.0,3.0,Higher is worse
KRI-04,Covenant tests overdue,Commercial Lending Operations,R05,2026-04-30,0,1,1,0.0,count,3.0,5.0,Higher is worse
KRI-05,Card fraud gross loss rate,Card & Fraud Operations,R07,2026-04-30,21400,60000000,10000,3.57,basis points,3.5,5.0,Higher is worse
KRI-06,Disputes past resolution deadline,Card & Fraud Operations,R08,2026-04-30,14,907,100,1.54,%,3.0,5.0,Higher is worse
KRI-07,Escrow analysis error rate,Loan Servicing,R10,2026-04-30,6,944,100,0.64,%,1.0,2.0,Higher is worse
KRI-09,Unplanned outage minutes,Digital Banking & IT,R13,2026-04-30,40,1,1,40.0,minutes,90.0,120.0,Higher is worse
KRI-10,Failed change rate,Digital Banking & IT,R13,2026-04-30,3,71,100,4.23,%,10.0,15.0,Higher is worse
KRI-11,Leaver access not removed within 24 hours,Access Management,R16,2026-04-30,1,62,100,1.61,%,3.0,5.0,Higher is worse
KRI-12,Access recertifications overdue,Access Management,R17,2026-04-30,66,2078,100,3.18,%,5.0,10.0,Higher is worse
KRI-01,Payment exception rate,Payments Operations,R01,2026-05-31,1,12569,10000,0.8,per 10k payments,2.0,2.5,Higher is worse
KRI-02,Manual payment share,Payments Operations,R01,2026-05-31,1374,11192,100,12.28,%,15.0,20.0,Higher is worse
KRI-03,Loan booking error rate,Commercial Lending Operations,R04,2026-05-31,1,219,100,0.46,%,2.0,3.0,Higher is worse
KRI-04,Covenant tests overdue,Commercial Lending Operations,R05,2026-05-31,2,1,1,2.0,count,3.0,5.0,Higher is worse
KRI-05,Card fraud gross loss rate,Card & Fraud Operations,R07,2026-05-31,7300,60000000,10000,1.22,basis points,3.5,5.0,Higher is worse
KRI-06,Disputes past resolution deadline,Card & Fraud Operations,R08,2026-05-31,32,1000,100,3.2,%,3.0,5.0,Higher is worse
KRI-07,Escrow analysis error rate,Loan Servicing,R10,2026-05-31,4,800,100,0.5,%,1.0,2.0,Higher is worse
KRI-08,Servicing notices sent late,Loan Servicing,R11,2026-05-31,20,4474,100,0.45,%,1.0,2.0,Higher is worse
KRI-09,Unplanned outage minutes,Digital Banking & IT,R13,2026-05-31,30,1,1,30.0,minutes,90.0,120.0,Higher is worse
KRI-10,Failed change rate,Digital Banking & IT,R13,2026-05-31,3,65,100,4.62,%,10.0,15.0,Higher is worse
KRI-11,Leaver access not removed within 24 hours,Access Management,R16,2026-05-31,2,67,100,2.99,%,3.0,5.0,Higher is worse
KRI-12,Access recertifications overdue,Access Management,R17,2026-05-31,84,2173,100,3.87,%,5.0,10.0,Higher is worse
KRI-01,Payment exception rate,Payments Operations,R01,2026-06-30,2,11962,10000,1.67,per 10k payments,2.0,2.5,Higher is worse
KRI-02,Manual payment share,Payments Operations,R01,2026-06-30,1437,11729,100,12.25,%,15.0,20.0,Higher is worse
KRI-03,Loan booking error rate,Commercial Lending Operations,R04,2026-06-30,2,214,100,0.93,%,2.0,3.0,Higher is worse
KRI-04,Covenant tests overdue,Commercial Lending Operations,R05,2026-06-30,2,1,1,2.0,count,3.0,5.0,Higher is worse
KRI-05,Card fraud gross loss rate,Card & Fraud Operations,R07,2026-06-30,8050,60000000,10000,1.34,basis points,3.5,5.0,Higher is worse
KRI-06,Disputes past resolution deadline,Card & Fraud Operations,R08,2026-06-30,39,1025,100,3.8,%,3.0,5.0,Higher is worse
KRI-07,Escrow analysis error rate,Loan Servicing,R10,2026-06-30,3,806,100,0.37,%,1.0,2.0,Higher is worse
KRI-08,Servicing notices sent late,Loan Servicing,R11,2026-06-30,30,4465,100,0.67,%,1.0,2.0,Higher is worse
KRI-09,Unplanned outage minutes,Digital Banking & IT,R13,2026-06-30,270,1,1,270.0,minutes,90.0,120.0,Higher is worse
KRI-10,Failed change rate,Digital Banking & IT,R13,2026-06-30,12,65,100,18.46,%,10.0,15.0,Higher is worse
KRI-11,Leaver access not removed within 24 hours,Access Management,R16,2026-06-30,2,71,100,2.82,%,3.0,5.0,Higher is worse
KRI-12,Access recertifications overdue,Access Management,R17,2026-06-30,110,1938,100,5.68,%,5.0,10.0,Higher is worse
KRI-01,Payment exception rate,Payments Operations,R01,2026-07-31,2,11727,10000,1.71,per 10k payments,2.0,2.5,Higher is worse
KRI-02,Manual payment share,Payments Operations,R01,2026-07-31,1427,12584,100,11.34,%,15.0,20.0,Higher is worse
KRI-03,Loan booking error rate,Commercial Lending Operations,R04,2026-07-31,2,187,100,1.07,%,2.0,3.0,Higher is worse
KRI-04,Covenant tests overdue,Commercial Lending Operations,R05,2026-07-31,2,1,1,2.0,count,3.0,5.0,Higher is worse
KRI-05,Card fraud gross loss rate,Card & Fraud Operations,R07,2026-07-31,206300,60000000,10000,34.38,basis points,3.5,5.0,Higher is worse
KRI-06,Disputes past resolution deadline,Card & Fraud Operations,R08,2026-07-31,46,1065,100,4.32,%,3.0,5.0,Higher is worse
KRI-07,Escrow analysis error rate,Loan Servicing,R10,2026-07-31,2,876,100,0.23,%,1.0,2.0,Higher is worse
KRI-08,Servicing notices sent late,Loan Servicing,R11,2026-07-31,18,4586,100,0.39,%,1.0,2.0,Higher is worse
KRI-09,Unplanned outage minutes,Digital Banking & IT,R13,2026-07-31,270,1,1,270.0,minutes,90.0,120.0,Higher is worse
KRI-10,Failed change rate,Digital Banking & IT,R13,2026-07-31,12,66,100,18.18,%,10.0,15.0,Higher is worse
KRI-11,Leaver access not removed within 24 hours,Access Management,R16,2026-07-31,2,61,100,3.28,%,3.0,5.0,Higher is worse
KRI-12,Access recertifications overdue,Access Management,R17,2026-07-31,41,1878,100,2.18,%,5.0,10.0,Higher is worse
KRI-01,Payment exception rate,Payments Operations,R01,2026-08-31,2,12405,10000,1.61,per 10k payments,2.0,2.5,Higher is worse
KRI-02,Manual payment share,Payments Operations,R01,2026-08-31,1795,12776,100,14.05,%,15.0,20.0,Higher is worse
KRI-03,Loan booking error rate,Commercial Lending Operations,R04,2026-08-31,3,229,100,1.31,%,2.0,3.0,Higher is worse
KRI-04,Covenant tests overdue,Commercial Lending Operations,R05,2026-08-31,2,1,1,2.0,count,3.0,5.0,Higher is worse
KRI-05,Card fraud gross loss rate,Card & Fraud Operations,R07,2026-08-31,250,60000000,10000,0.04,basis points,3.5,5.0,Higher is worse
KRI-06,Disputes past resolution deadline,Card & Fraud Operations,R08,2026-08-31,32,994,100,3.22,%,3.0,5.0,Higher is worse
KRI-07,Escrow analysis error rate,Loan Servicing,R10,2026-08-31,2,831,100,0.24,%,1.0,2.0,Higher is worse
KRI-08,Servicing notices sent late,Loan Servicing,R11,2026-08-31,23,4392,100,0.52,%,1.0,2.0,Higher is worse
KRI-09,Unplanned outage minutes,Digital Banking & IT,R13,2026-08-31,240,1,1,240.0,minutes,90.0,120.0,Higher is worse
KRI-10,Failed change rate,Digital Banking & IT,R13,2026-08-31,12,63,100,19.05,%,10.0,15.0,Higher is worse
KRI-11,Leaver access not removed within 24 hours,Access Management,R16,2026-08-31,2,70,100,2.86,%,3.0,5.0,Higher is worse
KRI-12,Access recertifications overdue,Access Management,R17,2026-08-31,57,1854,100,3.07,%,5.0,10.0,Higher is worse
